ID,CustomerName
1,Aaron Bergman
2,Aaron Hawkins
3,Aaron Smayling
4,Adam Bellavance
5,Adam Hart
6,Adam Shillingsburg
7,Adrian Barton
8,Adrian Hane
9,Adrian Shami
10,Aimee Bixby
11,Alan Barnes
12,Alan Dominguez
13,Alan Haines
14,Alan Hwang
15,Alan Schoenberger
16,Alan Shonely
17,Alejandro Ballentine
18,Alejandro Grove
19,Alejandro Savely
20,Aleksandra Gannaway
21,Alex Avila
22,Alex Grayson
23,Alex Russell
24,Alice McCarthy
25,Allen Armold
26,Allen Goldenen
27,Allen Rosenblatt
28,Alyssa Crouse
29,Alyssa Tate
30,Amy Cox
31,Amy Hunt
32,Andrew Allen
33,Andrew Gjertsen
34,Andrew Roberts
35,Andy Gerbode
36,Andy Reiter
37,Andy Yotov
38,Anemone Ratner
39,Angele Hood
40,Ann Blume
41,Ann Chong
42,Ann Steele
43,Anna Andreadi
44,Anna Chung
45,Anna Gayman
46,Anna Häberlin
47,Anne McFarland
48,Anne Pryor
49,Annie Thurman
50,Annie Zypern
51,Anthony Garverick
52,Anthony Jacobs
53,Anthony Johnson
54,Anthony O'Donnell
55,Anthony Rawles
56,Anthony Witt
57,Arianne Irving
58,Art Ferguson
59,Art Foster
60,Arthur Gainer
61,Arthur Prichep
62,Arthur Wiediger
63,Ashley Jarboe
64,Astrea Jones
65,Barbara Fisher
66,Barry Blumstein
67,Barry Franz
68,Barry Französisch
69,Barry Gonzalez
70,Barry Pond
71,Barry Weirich
72,Bart Folk
73,Bart Pistole
74,Bart Watters
75,Becky Castell
76,Becky Martin
77,Becky Pak
78,Ben Ferrer
79,Ben Peterman
80,Ben Wallace
81,Benjamin Farhat
82,Benjamin Patterson
83,Benjamin Venier
84,Berenike Kampe
85,Beth Fritzler
86,Beth Paige
87,Beth Thompson
88,Bill Donatelli
89,Bill Eplett
90,Bill Overfelt
91,Bill Shonely
92,Bill Stewart
93,Bill Tyler
94,Bobby Elias
95,Bobby Odegard
96,Bobby Trafton
97,Brad Eason
98,Brad Norvell
99,Brad Thomas
100,Bradley Drucker
101,Bradley Nguyen
102,Bradley Talbott
103,Brenda Bowman
104,Brendan Dodson
105,Brendan Murry
106,Brendan Sweed
107,Brian Dahlen
108,Brian DeCherney
109,Brian Derr
110,Brian Moss
111,Brian Stugart
112,Brian Thompson
113,Brooke Gillingham
114,Brosina Hoffman
115,Bruce Degenhardt
116,Bruce Geld
117,Bruce Stewart
118,Bryan Davis
119,Bryan Mills
120,Bryan Spruell
121,Candace McMahon
122,Cari MacIntyre
123,Cari Sayre
124,Cari Schnelling
125,Carl Jackson
126,Carl Ludwig
127,Carl Weiss
128,Carlos Daly
129,Carlos Meador
130,Carlos Soltero
131,Carol Adams
132,Carol Darley
133,Carol Triggs
134,Caroline Jumper
135,Cassandra Brandow
136,Catherine Glotzbach
137,Cathy Armstrong
138,Cathy Hwang
139,Cathy Prescott
140,Chad Cunningham
141,Chad McGuire
142,Chad Sievert
143,Charles Crestani
144,Charles McCrossin
145,Charles Sheldon
146,Charlotte Melton
147,Chloris Kastensmidt
148,Chris Cortes
149,Chris McAfee
150,Chris Selesnick
151,Christina Anderson
152,Christina DeMoss
153,Christina VanderZanden
154,Christine Abelman
155,Christine Kargatis
156,Christine Phan
157,Christine Sundaresam
158,Christopher Conant
159,Christopher Martinez
160,Christopher Schild
161,Christy Brittain
162,Chuck Clark
163,Chuck Magee
164,Chuck Sachs
165,Cindy Chapman
166,Cindy Schnelling
167,Cindy Stewart
168,Claire Gute
169,Claudia Bergmann
170,Clay Cheatham
171,Clay Ludtke
172,Clay Rozendal
173,Clytie Kelty
174,Corey Catlett
175,Corey Roper
176,Corey-Lock
177,Corinna Mitchell
178,Craig Carreira
179,Craig Carroll
180,Craig Leslie
181,Craig Molinari
182,Craig Reiter
183,Craig Yedwab
184,Cyma Kinney
185,Cynthia Arntzen
186,Cynthia Delaney
187,Cynthia Voltz
188,Cyra Reiten
189,Damala Kotsonis
190,Dan Campbell
191,Dan Lawera
192,Dan Reichenbach
193,Dana Kaydos
194,Daniel Byrd
195,Daniel Lacy
196,Daniel Raglin
197,Dario Medina
198,Darren Budd
199,Darren Koutras
200,Darren Powers
201,Darrin Martin
202,Darrin Sayre
203,Darrin Van Huff
204,Dave Brooks
205,Dave Hallsten
206,Dave Kipp
207,Dave Poirier
208,David Bremer
209,David Flashing
210,David Kendrick
211,David Philippe
212,David Smith
213,David Wiener
214,Dean Braden
215,Dean Katz
216,Dean percer
217,Deanra Eno
218,Deborah Brumfield
219,Debra Catini
220,Deirdre Greer
221,Delfina Latchford
222,Denise Leinenbach
223,Denise Monton
224,Dennis Bolton
225,Dennis Kane
226,Dennis Pardue
227,Denny Blanton
228,Denny Joy
229,Denny Ordway
230,Dianna Arnett
231,Dianna Vittorini
232,Dianna Wilson
233,Dionis Lloyd
234,Don Jones
235,Don Miller
236,Don Weiss
237,Dorothy Badders
238,Dorothy Dickinson
239,Dorothy Wardle
240,Dorris liebe
241,Doug Bickford
242,Doug Jacobs
243,Doug O'Connell
244,Duane Benoit
245,Duane Huffman
246,Duane Noonan
247,Ed Braxton
248,Ed Jacobs
249,Ed Ludwig
250,Edward Becker
251,Edward Hooks
252,Edward Nazzal
253,Eileen Kiefer
254,Eleni McCrary
255,Elizabeth Moffitt
256,Ellis Ballard
257,Elpida Rittenbach
258,Emily Burns
259,Emily Ducich
260,Emily Grady
261,Emily Phan
262,Eric Barreto
263,Eric Hoffmann
264,Eric Murdock
265,Erica Bern
266,Erica Hackney
267,Erica Hernandez
268,Erica Smith
269,Erin Ashbrook
270,Erin Creighton
271,Erin Mull
272,Erin Smith
273,Eudokia Martin
274,Eugene Barchas
275,Eugene Hildebrand
276,Eugene Moren
277,Eva Jacobs
278,Evan Bailliet
279,Evan Henry
280,Evan Minnotte
281,Filia McAdams
282,Frank Atkinson
283,Frank Carlisle
284,Frank Gastineau
285,Frank Hawley
286,Frank Merwin
287,Frank Olsen
288,Frank Preis
289,Fred Chung
290,Fred Harton
291,Fred Hopkins
292,Fred McMath
293,Fred Wasserman
294,Gary Hansen
295,Gary Hwang
296,Gary McGarr
297,Gary Mitchum
298,Gary Zandusky
299,Gene Hale
300,Gene McClure
301,George Ashbrook
302,George Bell
303,George Zrebassa
304,Georgia Rosenberg
305,Giulietta Baptist
306,Giulietta Dortch
307,Giulietta Weimer
308,Grace Kelly
309,Grant Thornton
310,Greg Guthrie
311,Greg Hansen
312,Greg Matthias
313,Greg Maxwell
314,Greg Tran
315,Guy Armstrong
316,Guy Phonely
317,Guy Thornton
318,Hallie Redmond
319,Harold Dahlen
320,Harold Engle
321,Harold Pawlan
322,Harold Ryan
323,Harry Greene
324,Harry Marie
325,Heather Jas
326,Heather Kirkland
327,Helen Abelman
328,Helen Andreada
329,Helen Wasserman
330,Henia Zydlo
331,Henry Goldwyn
332,Henry MacAllister
333,Herbert Flentye
334,Hilary Holden
335,Hunter Glantz
336,Hunter Lopez
337,Ionia McGrath
338,Irene Maddox
339,Ivan Gibson
340,Ivan Liston
341,Jack Garza
342,Jack Lebron
343,Jack O'Briant
344,James Galang
345,James Lanier
346,Jamie Frazer
347,Jamie Kunitz
348,Jane Waco
349,Janet Lee
350,Janet Martin
351,Janet Molinari
352,Jas O'Carroll
353,Jason Fortune-
354,Jason Gross
355,Jason Klamczynski
356,Jasper Cacioppo
357,Jay Fein
358,Jay Kimmel
359,Jenna Caffey
360,Jennifer Braxton
361,Jennifer Ferguson
362,Jennifer Halladay
363,Jennifer Jackson
364,Jennifer Patt
365,Jeremy Ellison
366,Jeremy Farry
367,Jeremy Lonsdale
368,Jeremy Pistek
369,Jessica Myrick
370,Jesus Ocampo
371,Jill Fjeld
372,Jill Matthias
373,Jill Stevenson
374,Jim Epp
375,Jim Karlsson
376,Jim Kriz
377,Jim Mitchum
378,Jim Radford
379,Jim Sink
380,Jocasta Rupert
381,Joe Elijah
382,Joe Kamberova
383,Joel Eaton
384,Joel Jenkins
385,John Castell
386,John Dryer
387,John Grady
388,John Huston
389,John Lee
390,John Lucas
391,John Murray
392,John Stevenson
393,Jonathan Doherty
394,Jonathan Howell
395,Joni Blumstein
396,Joni Sundaresam
397,Joni Wasserman
398,Joseph Airdo
399,Joseph Holt
400,Joy Bell-
401,Joy Daniels
402,Joy Smith
403,Julia Barnett
404,Julia Dunbar
405,Julia West
406,Juliana Krohn
407,Julie Creighton
408,Julie Kriz
409,Julie Prescott
410,Justin Deggeller
411,Justin Ellison
412,Justin Hirsh
413,Justin MacKendrick
414,Justin Ritter
415,Kai Rey
416,Kalyca Meade
417,Karen Bern
418,Karen Carlisle
419,Karen Daniels
420,Karen Ferguson
421,Karen Seio
422,Karl Braun
423,Katharine Harms
424,Katherine Ducich
425,Katherine Hughes
426,Katherine Murray
427,Katherine Nockton
428,Katrina Bavinger
429,Katrina Edelman
430,Katrina Willman
431,Kean Nguyen
432,Kean Takahito
433,Kean Thornton
434,Keith Dawkins
435,Keith Herrera
436,Kelly Andreada
437,Kelly Collister
438,Kelly Lampkin
439,Kelly Williams
440,Ken Black
441,Ken Brennan
442,Ken Dana
443,Ken Heidel
444,Ken Lonsdale
445,Khloe Miller
446,Kimberly Carter
447,Kristen Hastings
448,Kristina Nunn
449,Kunst Miller
450,Larry Blacks
451,Larry Hughes
452,Larry Tron
453,Laura Armstrong
454,Laurel Beltran
455,Laurel Elliston
456,Laurel Workman
457,Lauren Leatherbury
458,Lela Donovan
459,Lena Cacioppo
460,Lena Creighton
461,Lena Hernandez
462,Lena Radford
463,Linda Cazamias
464,Linda Southworth
465,Lindsay Castell
466,Lindsay Shagiari
467,Lindsay Williams
468,Lisa DeCherney
469,Lisa Hazard
470,Lisa Ryan
471,Liz Carlisle
472,Liz MacKendrick
473,Liz Pelletier
474,Liz Preis
475,Liz Thompson
476,Liz Willingham
477,Logan Currie
478,Logan Haushalter
479,Lori Olson
480,Luke Foster
481,Luke Schmidt
482,Luke Weiss
483,Lycoris Saunders
484,Lynn Smith
485,Magdelene Morse
486,Marc Crier
487,Marc Harrigan
488,Maria Bertelson
489,Maria Etezadi
490,Maria Zettner
491,Maribeth Dona
492,Maribeth Schnelling
493,Maribeth Yedwab
494,Marina Lichtenstein
495,Maris LaWare
496,Mark Cousins
497,Mark Haberlin
498,Mark Hamilton
499,Mark Packer
500,Mark Van Huff
501,Mary O'Rourke
502,Mary Zewe
503,MaryBeth Skach
504,Mathew Reese
505,Matt Abelman
506,Matt Collins
507,Matt Collister
508,Matt Connell
509,Matt Hagelstein
510,Matthew Clasen
511,Matthew Grinstein
512,Maureen Fritzler
513,Maureen Gastineau
514,Maureen Gnade
515,Maurice Satty
516,Max Engle
517,Max Jones
518,Max Ludwig
519,Maxwell Schwartz
520,Maya Herman
521,Meg O'Connel
522,Meg Tillman
523,Melanie Seite
524,Michael Chen
525,Michael Dominguez
526,Michael Grace
527,Michael Granlund
528,Michael Kennedy
529,Michael Moore
530,Michael Nguyen
531,Michael Oakman
532,Michael Paige
533,Michael Stewart
534,Michelle Arnett
535,Michelle Ellison
536,Michelle Huthwaite
537,Michelle Lonsdale
538,Michelle Moray
539,Michelle Tran
540,Mick Brown
541,Mick Crebagga
542,Mick Hernandez
543,Mike Caudle
544,Mike Gockenbach
545,Mike Kennedy
546,Mike Pelletier
547,Mike Vittorini
548,Mitch Gastineau
549,Mitch Webber
550,Mitch Willingham
551,Monica Federle
552,Muhammed Lee
553,Muhammed MacIntyre
554,Muhammed Yedwab
555,Nancy Lomonaco
556,Naresj Patel
557,Nat Carroll
558,Nat Gilpin
559,Natalie DeCherney
560,Natalie Fritzler
561,Natalie Webber
562,Nathan Cano
563,Nathan Gelder
564,Nathan Mautz
565,Neil Ducich
566,Neil Französisch
567,Neil Knudson
568,Neola Schneider
569,Neoma Murray
570,Nick Crebassa
571,Nick Radford
572,Nick Zandusky
573,Nicole Brennan
574,Nicole Fjeld
575,Nicole Hansen
576,Noah Childs
577,Noel Staavos
578,Nona Balk
579,Nora Paige
580,Nora Pelletier
581,Nora Preis
582,Odella Nelson
583,Olvera Toch
584,Pamela Coakley
585,Pamela Stobb
586,Parhena Norris
587,Patricia Hirasaki
588,Patrick Bzostek
589,Patrick Gardner
590,Patrick Jones
591,Patrick O'Brill
592,Patrick O'Donnell
593,Patrick Ryan
594,Paul Gonzalez
595,Paul Knutson
596,Paul Lucas
597,Paul MacIntyre
598,Paul Prost
599,Paul Stevenson
600,Paul Van Hugh
601,Pauline Chand
602,Pauline Johnson
603,Pauline Webber
604,Penelope Sewall
605,Pete Armstrong
606,Pete Kriz
607,Pete Takahito
608,Peter Bühler
609,Peter Fuller
610,Peter McVee
611,Philip Brown
612,Philip Fox
613,Philisse Overcash
614,Phillina Ober
615,Phillip Breyer
616,Phillip Flathmann
617,Pierre Wener
618,Quincy Jones
619,Rachel Payne
620,Ralph Arnett
621,Ralph Kennedy
622,Ralph Ritter
623,Randy Bradley
624,Randy Ferguson
625,Raymond Buch
626,Raymond Messe
627,Resi Pölking
628,Ricardo Emerson
629,Ricardo Sperren
630,Richard Bierner
631,Richard Eichhorn
632,Rick Bensley
633,Rick Duston
634,Rick Hansen
635,Rick Huthwaite
636,Rick Reed
637,Rick Wilson
638,Ritsa Hightower
639,Rob Beeghly
640,Rob Dowd
641,Rob Haberlin
642,Rob Lucas
643,Rob Williams
644,Robert Barroso
645,Robert Dilbeck
646,Robert Marley
647,Robert Waldorf
648,Roger Barcio
649,Roger Demir
650,Roland Fjeld
651,Roland Murray
652,Roland Schwarz
653,Rose O'Brian
654,Ross Baird
655,Ross DeVincentis
656,Roy Collins
657,Roy Französisch
658,Roy Phan
659,Roy Skaria
660,Ruben Ausman
661,Ruben Dartt
662,Russell Applegate
663,Russell D'Ascenzo
664,Ryan Akin
665,Ryan Crowe
666,Sally Hughsby
667,Sally Knutson
668,Sally Matthias
669,Sam Craven
670,Sam Zeldin
671,Sample Company A
672,Sandra Flanagan
673,Sandra Glassco
674,Sanjit Chand
675,Sanjit Engle
676,Sanjit Jacobs
677,Saphhira Shifley
678,Sara Luxemburg
679,Sarah Bern
680,Sarah Brown
681,Sarah Foster
682,Sarah Jordon
683,Scot Coram
684,Scot Wooten
685,Scott Cohen
686,Scott Williamson
687,Sean Braxton
688,Sean Christensen
689,Sean Miller
690,Sean O'Donnell
691,Sean Wendt
692,Seth Vernon
693,Shahid Collister
694,Shahid Hopkins
695,Shahid Shariari
696,Sharelle Roach
697,Shaun Chance
698,Shaun Weien
699,Sheri Gordon
700,Shirley Daniels
701,Shirley Jackson
702,Shirley Schmidt
703,Shui Tom
704,Sibella Parks
705,Skye Norling
706,Sonia Cooley
707,Sonia Sunley
708,Speros Goranitis
709,Stefania Perrino
710,Stefanie Holloman
711,Stephanie Phelps
712,Stephanie Ulpright
713,Steve Carroll
714,Steve Chapman
715,Steve Nguyen
716,Steven Cartwright
717,Steven Roelle
718,Steven Ward
719,Stewart Carmichael
720,Stewart Visinsky
721,Stuart Calhoun
722,Stuart Van
723,Sue Ann Reed
724,Sung Chung
725,Sung Pak
726,Sung Shariari
727,Susan Gilcrest
728,Susan MacKendrick
729,Susan Pistek
730,Susan Vittorini
731,Suzanne McNair
732,Sylvia Foulston
733,Tamara Chand
734,Tamara Dahlen
735,Tamara Manning
736,Tamara Willingham
737,Tanja Norvell
738,Ted Butterfield
739,Ted Trevino
740,Thais Sissman
741,Thea Hendricks
742,Thea Hudgings
743,Theone Pippenger
744,Theresa Coyne
745,Theresa Swint
746,Thomas Boland
747,Thomas Brumley
748,Thomas Seio
749,Thomas Thornton
750,Tiffany House
751,Tim Brockman
752,Tim Taslimi
753,Toby Braunhardt
754,Toby Carlisle
755,Toby Gnade
756,Toby Ritter
757,Toby Swindell
758,Todd Boyes
759,Todd Sumrall
760,Tom Ashbrook
761,Tom Boeckenhauer
762,Tom Prescott
763,Tom Stivers
764,Tom Zandusky
765,Tonja Turnell
766,Tony Chapman
767,Tony Molinari
768,Tony Sayre
769,Tracy Blumstein
770,Tracy Collins
771,Tracy Hopkins
772,Tracy Poddar
773,Tracy Zic
774,Troy Blackwell
775,Troy Staebel
776,Trudy Brown
777,Trudy Glocke
778,Trudy Schmidt
779,Valerie Dominguez
780,Valerie Mitchum
781,Valerie Takahito
782,Vicky Freymann
783,Victor Preis
784,Victoria Brennan
785,Victoria Pisteka
786,Victoria Wilson
787,Vivek Gonzalez
788,Vivek Grady
789,Vivek Sundaresam
790,Vivian Mathis
791,William Brown
792,Xylona Preis
793,Yana Sorensen
794,Yoseph Carroll
795,Zuschuss Carroll
796,Zuschuss Donatelli
